<?xml version="1.0" encoding="UTF-8"?>
<lom xmlns="http://ltsc.ieee.org/xsd/LOM" xmlns:xsi="http://www.w3.org/2001/XMLSchema-instance" xsi:schemaLocation="http://ltsc.ieee.org/xsd/LOM lomCustom.xsd"><general uniqueElementName="general"><identifier><catalog uniqueElementName="catalog">My Catalog</catalog><entry uniqueElementName="entry">4a7d755e-34a5-410a-a7d4-601881136623</entry></identifier><title><string language="es">División Celular</string></title><language>es</language><description><string language="es">Este recurso educativo ayudará a comprender el tema de la mitosis la cual consiste en la 
división de la célula, es decir se da una repartición entre las dos células hijas del material que se encuentra en el núcleo de la célula madre pasando por varias etapas como son Profase, Metafase, Anafase y Telofase.</string></description><aggregationLevel uniqueElementName="aggregationLevel"><source uniqueElementName="source">LOM-ESv1.0</source><value uniqueElementName="value">2</value></aggregationLevel></general><lifeCycle><contribute><role uniqueElementName="role"><source uniqueElementName="source">LOM-ESv1.0</source><value uniqueElementName="value">author</value></role><entity>BEGIN:VCARD VERSION:3.0 FN:Lady Ruiz EMAIL;TYPE=INTERNET: ORG: END:VCARD</entity><date><dateTime uniqueElementName="dateTime">2022-07-15T12:36:18.00-05:00</dateTime><description><string language="es">Fecha de creación de los metadatos</string></description></date></contribute></lifeCycle><metaMetadata uniqueElementName="metaMetadata"><contribute><role uniqueElementName="role"><source uniqueElementName="source">LOM-ESv1.0</source><value uniqueElementName="value">creator</value></role><entity>BEGIN:VCARD VERSION:3.0 FN:Lady Ruiz EMAIL;TYPE=INTERNET: ORG: END:VCARD</entity><date><dateTime uniqueElementName="dateTime">2022-07-15T12:36:18.00-05:00</dateTime><description><string language="es">Fecha de creación de los metadatos</string></description></date></contribute><metadataSchema>LOM-ESv1.0</metadataSchema><language>es</language></metaMetadata><technical uniqueElementName="technical"><otherPlatformRequirements><string language="es">editor: eXe Learning</string></otherPlatformRequirements></technical><educational><intendedEndUserRole><source uniqueElementName="source">LOM-ESv1.0</source><value uniqueElementName="value">learner</value></intendedEndUserRole><context><source uniqueElementName="source">LOM-ESv1.0</source><value uniqueElementName="value">presencial</value></context><context><source uniqueElementName="source">LOM-ESv1.0</source><value uniqueElementName="value">classroom</value></context><language>es</language></educational><rights uniqueElementName="rights"><copyrightAndOtherRestrictions uniqueElementName="copyrightAndOtherRestrictions"><source uniqueElementName="source">LOM-ESv1.0</source><value uniqueElementName="value">Project-Id-Version: eXeLearning 2.6Report-Msgid-Bugs-To: eXe Translations <translations@exelearning.net>POT-Creation-Date: 2021-05-04 18:24+0200PO-Revision-Date: 2021-05-06 21:19+0200Last-Translator: Juan Rafael Fernández <jrfern@telefonica.net>Language: esLanguage-Team: Spanish <jrfern@telefonica.net>Plural-Forms: nplurals=2; plural=(n != 1)MIME-Version: 1.0Content-Type: text/plain; charset=utf-8Content-Transfer-Encoding: 8bitGenerated-By: Babel</value></copyrightAndOtherRestrictions><access uniqueElementName="access"><accessType uniqueElementName="accessType"><source uniqueElementName="source">LOM-ESv1.0</source><value uniqueElementName="value">universal</value></accessType><description><string language="en">Default</string></description></access></rights></lom>