<?xml version="1.0" encoding="UTF-8"?>
<!-- Generated by eXe - http://exelearning.net -->
<manifest identifier="eXeBORRADOR_162d06822269d21a3df1" xmlns="http://www.imsproject.org/xsd/imscp_rootv1p1p2" xmlns:adlcp="http://www.adlnet.org/xsd/adlcp_rootv1p2" xmlns:imsmd="http://www.imsglobal.org/xsd/imsmd_v1p2" xmlns:xsi="http://www.w3.org/2001/XMLSchema-instance" xsi:schemaLocation="http://www.imsproject.org/xsd/imscp_rootv1p1p2 imscp_rootv1p1p2.xsd http://www.imsglobal.org/xsd/imsmd_rootv1p2p1 imsmd_rootv1p2p1.xsd http://www.adlnet.org/xsd/adlcp_rootv1p2 adlcp_rootv1p2.xsd" > 
<metadata> 
 <schema>ADL SCORM</schema> 
 <schemaversion>1.2</schemaversion> 
 <adlcp:location>imslrm.xml</adlcp:location> 
</metadata> 
<organizations default="eXeBORRADOR_162d06822269d21a3df2">  
    <organization identifier="eXeBORRADOR_162d06822269d21a3df2" structure="hierarchical">
        <title>División Celular</title>
<item identifier="ITEM-eXeBORRADOR_162d06822269d21a3df3" isvisible="true" identifierref="RES-eXeBORRADOR_162d06822269d21a3df4">
    <title>División celular y reproducción</title>
<item identifier="ITEM-eXeBORRADOR_162d06822269d21a3e05" isvisible="true" identifierref="RES-eXeBORRADOR_162d06822269d21a3e06">
    <title>Mitosis</title>
<item identifier="ITEM-eXeBORRADOR_162d06822269d21a3e17" isvisible="true" identifierref="RES-eXeBORRADOR_162d06822269d21a3e18">
    <title>Profase.</title>
</item>
<item identifier="ITEM-eXeBORRADOR_162d06822269d21a3e29" isvisible="true" identifierref="RES-eXeBORRADOR_162d06822269d21a3e2a">
    <title>Metafase.</title>
</item>
<item identifier="ITEM-eXeBORRADOR_162d06822269d21a3e3b" isvisible="true" identifierref="RES-eXeBORRADOR_162d06822269d21a3e3c">
    <title>Anafase.</title>
</item>
<item identifier="ITEM-eXeBORRADOR_162d06822269d21a3e5d" isvisible="true" identifierref="RES-eXeBORRADOR_162d06822269d21a3e5e">
    <title>Telofase.</title>
</item>
</item>
</item>
  </organization>
</organizations>
<resources>
  <resource identifier="RES-eXeBORRADOR_162d06822269d21a3df4" type="webcontent" adlcp:scormtype="sco" href="index.html"> 
    <file href="index.html"/> 
    <file href="exe_html5.js"/>
    <dependency identifierref="COMMON_FILES"/>
  </resource>
  <resource identifier="RES-eXeBORRADOR_162d06822269d21a3e06" type="webcontent" adlcp:scormtype="sco" href="mitosis.html"> 
    <file href="mitosis.html"/> 
    <file href="exe_html5.js"/>
    <file href="fases-de-mitosis-social.jpg"/>
    <file href="interactive-video-bg.gif"/>
    <file href="interactive-video-less.gif"/>
    <file href="interactive-video-loading.gif"/>
    <file href="interactive-video-more.gif"/>
    <file href="interactive-video-sorter.png"/>
    <file href="interactive-video.css"/>
    <file href="interactive-video.js"/>
    <dependency identifierref="COMMON_FILES"/>
  </resource>
  <resource identifier="RES-eXeBORRADOR_162d06822269d21a3e18" type="webcontent" adlcp:scormtype="sco" href="profase.html"> 
    <file href="profase.html"/> 
    <file href="exe_html5.js"/>
    <file href="common.js"/>
    <dependency identifierref="COMMON_FILES"/>
  </resource>
  <resource identifier="RES-eXeBORRADOR_162d06822269d21a3e2a" type="webcontent" adlcp:scormtype="sco" href="metafase.html"> 
    <file href="metafase.html"/> 
    <file href="exe_html5.js"/>
    <dependency identifierref="COMMON_FILES"/>
  </resource>
  <resource identifier="RES-eXeBORRADOR_162d06822269d21a3e3c" type="webcontent" adlcp:scormtype="sco" href="anafase.html"> 
    <file href="anafase.html"/> 
    <file href="exe_html5.js"/>
    <file href="common.js"/>
    <dependency identifierref="COMMON_FILES"/>
  </resource>
  <resource identifier="RES-eXeBORRADOR_162d06822269d21a3e5e" type="webcontent" adlcp:scormtype="sco" href="telofase.html"> 
    <file href="telofase.html"/> 
    <file href="exe_html5.js"/>
    <file href="stock-stop.png"/>
    <file href="panel-amusements.png"/>
    <file href="common.js"/>
    <dependency identifierref="COMMON_FILES"/>
  </resource>
  <resource identifier="COMMON_FILES" type="webcontent" adlcp:scormtype="asset">
    <file href="config.xml"/>
    <file href="content.css"/>
    <file href="icon_account.png"/>
    <file href="icon_account_black.png"/>
    <file href="icon_account_white.png"/>
    <file href="icon_alarm.png"/>
    <file href="icon_alarm_black.png"/>
    <file href="icon_alarm_white.png"/>
    <file href="icon_announcement.png"/>
    <file href="icon_announcement_black.png"/>
    <file href="icon_announcement_white.png"/>
    <file href="icon_assessment.png"/>
    <file href="icon_assessment_black.png"/>
    <file href="icon_assessment_white.png"/>
    <file href="icon_assignment.png"/>
    <file href="icon_assignment_black.png"/>
    <file href="icon_assignment_list.png"/>
    <file href="icon_assignment_list_black.png"/>
    <file href="icon_assignment_list_white.png"/>
    <file href="icon_assignment_white.png"/>
    <file href="icon_backup.png"/>
    <file href="icon_backup_black.png"/>
    <file href="icon_backup_white.png"/>
    <file href="icon_camera.png"/>
    <file href="icon_camera_black.png"/>
    <file href="icon_camera_white.png"/>
    <file href="icon_description.png"/>
    <file href="icon_description_black.png"/>
    <file href="icon_description_white.png"/>
    <file href="icon_download.png"/>
    <file href="icon_download_black.png"/>
    <file href="icon_download_white.png"/>
    <file href="icon_event.png"/>
    <file href="icon_event_black.png"/>
    <file href="icon_event_white.png"/>
    <file href="icon_exit.png"/>
    <file href="icon_exit_black.png"/>
    <file href="icon_exit_white.png"/>
    <file href="icon_explore.png"/>
    <file href="icon_explore_black.png"/>
    <file href="icon_explore_white.png"/>
    <file href="icon_info.png"/>
    <file href="icon_info_black.png"/>
    <file href="icon_info_white.png"/>
    <file href="icon_media.png"/>
    <file href="icon_media_black.png"/>
    <file href="icon_media_white.png"/>
    <file href="icon_note.png"/>
    <file href="icon_note_black.png"/>
    <file href="icon_note_white.png"/>
    <file href="icon_puzzle.png"/>
    <file href="icon_puzzle_black.png"/>
    <file href="icon_puzzle_white.png"/>
    <file href="icon_question.png"/>
    <file href="icon_question_black.png"/>
    <file href="icon_question_white.png"/>
    <file href="icon_renew.png"/>
    <file href="icon_renew_black.png"/>
    <file href="icon_renew_white.png"/>
    <file href="icon_search.png"/>
    <file href="icon_search_black.png"/>
    <file href="icon_search_white.png"/>
    <file href="icon_star.png"/>
    <file href="icon_star_black.png"/>
    <file href="icon_star_white.png"/>
    <file href="icon_unread.png"/>
    <file href="icon_unread_black.png"/>
    <file href="icon_unread_white.png"/>
    <file href="icon_wifi.png"/>
    <file href="icon_wifi_black.png"/>
    <file href="icon_wifi_white.png"/>
    <file href="nav.css"/>
    <file href="patron-verde-vectores-gratis.jpg"/>
    <file href="Portada_Mesa de trabajo 1.jpg"/>
    <file href="_style_icons.png"/>
    <file href="_style_icons_black.png"/>
    <file href="_style_icons_white.png"/>
    <file href="_style_input_checkbox.png"/>
    <file href="_style_input_radio.png"/>
    <file href="_style_js.js"/>
    <file href="_style_licenses.png"/>
    <file href="base.css"/>
    <file href="popup_bg.gif"/>
    <file href="SCORM_API_wrapper.js"/>
    <file href="SCOFunctions.js"/>
    <file href="common.js"/>
    <file href="common_i18n.js"/>
    <file href="exe_jquery.js"/>
    <file href="content.xsd"/>
    <file href="content.data"/>
    <file href="contentv3.xml"/>
    <file href="imslrm.xml"/>
  </resource>
</resources>
</manifest>
